17日（今天）,阴转小雨,21,12
18日（明天）,小雨转晴,14,10
19日（后天）,多云转小雨,20,11
20日（周三）,小雨,27,13
21日（周四）,阴,13,6
22日（周五）,多云,12,5
23日（周六）,多云,12,8
17日（今天）,阴转小雨,21,12
18日（明天）,小雨转晴,14,10
19日（后天）,多云转小雨,20,11
20日（周三）,小雨,27,13
21日（周四）,阴,13,6
22日（周五）,多云,12,5
23日（周六）,多云,12,8
17日（今天）,阴转小雨,21,12
18日（明天）,小雨转晴,14,10
19日（后天）,多云转小雨,20,11
20日（周三）,小雨,27,13
21日（周四）,阴,13,6
22日（周五）,多云,12,5
23日（周六）,多云,12,8
17日（今天）,阴,,11
18日（明天）,小雨转晴,15,9
19日（后天）,晴转小雨,19,11
20日（周三）,小雨,27,13
21日（周四）,阴转多云,15,7
22日（周五）,多云,12,7
23日（周六）,多云,12,7
18日（今天）,阴,15,7
19日（明天）,多云转阵雨,19,12
20日（后天）,阵雨转小雨,26,12
21日（周四）,小雨转阴,18,7
22日（周五）,晴转多云,12,4
23日（周六）,晴,11,4
24日（周日）,小雨,14,7
18日（今天）,阴,15,7
19日（明天）,多云转阵雨,19,12
20日（后天）,阵雨转小雨,26,12
21日（周四）,小雨转阴,18,7
22日（周五）,晴转多云,12,4
23日（周六）,晴,11,4
24日（周日）,小雨,14,7
18日（今天）,阴,15,7
19日（明天）,多云转阵雨,19,12
20日（后天）,阵雨转小雨,26,12
21日（周四）,小雨转阴,18,7
22日（周五）,晴转多云,12,4
23日（周六）,晴,11,4
24日（周日）,小雨,14,7
